店舗ID,チェーン名,会社名,店舗名,住所
s001315,マツモトキヨシ,マツモトキヨシ,成増店,東京都板橋区成増２－１８－８奥山ビル１Ｆ
s010974,マツモトキヨシ,マツモトキヨシ,羽田エアポートガーデン店,東京都大田区羽田空港２－７－１羽田エアポートガーデン２Ｆ
s010395,マツモトキヨシ,マツモトキヨシ,二ツ木店,千葉県松戸市八ケ崎８－３４－３
s009453,マツモトキヨシ,マツモトキヨシ,池袋東口アネックス店,東京都豊島区南池袋１－２７－７
s007870,マツモトキヨシ,マツモトキヨシ,ららぽーと新三郷店,埼玉県三郷市新三郷ららシティ３－１－１ららぽーと新三郷１Ｆ
s004555,マツモトキヨシ,マツモトキヨシ,田無駅前店,東京都西東京市田無町４－１－２
s008128,トモズ,トモズ,ＥＱＵＩＡ朝霞店,埼玉県朝霞市本町２－１３－１ＥＱＵＩＡ朝霞１Ｆ
s000794,マツモトキヨシ,マツモトキヨシ,巣鴨駅前通り店,東京都豊島区巣鴨３－２８－８
s004695,マツモトキヨシ,マツモトキヨシ,豊洲店,東京都江東区豊洲３－４－８スーバービバホーム豊洲店２Ｆ
s006486,マツモトキヨシ,マツモトキヨシ,東久留米西口店,東京都東久留米市本町１－３－１１
s005892,マツモトキヨシ,マツモトキヨシ,ベスタ狭山店,埼玉県狭山市入間川１０２５
s000622,マツモトキヨシ,マツモトキヨシ,立石駅前店,東京都葛飾区立石４－２５－８
s001193,トモズ,トモズ,上野毛店,東京都世田谷区中町２－２３－１０
s000691,マツモトキヨシ,マツモトキヨシ,ルミエール新小岩店,東京都葛飾区新小岩１－３９－６
s010391,マツモトキヨシ,マツモトキヨシ,ＢｅａｕｔｙＵ銀座中央通り店,東京都中央区銀座８－８－５
s002707,トモズ,トモズ,ＰＡＰＡ北上尾店,埼玉県上尾市緑丘３－３－１１－２ＰＡＰＡプリンセス１Ｆ
s009508,マツモトキヨシ,マツモトキヨシ,八千代緑が丘店,千葉県八千代市緑が丘４－１－２
s009568,マツモトキヨシ,マツモトキヨシ,戸田駅西口店,埼玉県戸田市新曽７９６
s003642,マツモトキヨシ,マツモトキヨシ,ｐｅｔｉｔｍａｄｏｃａ野田みずき店,千葉県野田市みずき１－１３－７
s001743,マツモトキヨシ,マツモトキヨシ,市原国分寺台店,千葉県市原市南国分寺台５－２－６
s006514,マツモトキヨシ,マツモトキヨシ,ｐｅｔｉｔｍａｄｏｃａ東越谷店,埼玉県越谷市東越谷４－２－３
s003138,マツモトキヨシ,マツモトキヨシ,江戸川台店,千葉県流山市江戸川台東２－６－２
s010441,マツモトキヨシ,マツモトキヨシ,松戸西口駅前店,千葉県松戸市本町１８－６
s008357,マツモトキヨシ,マツモトキヨシ,井土ケ谷駅前店,神奈川県横浜市南区井土ケ谷下町２１４－５
s007934,マツモトキヨシ,マツモトキヨシ,江戸川台西店,千葉県流山市美原１－１２２５－１
s003263,マツモトキヨシ,マツモトキヨシ,戸塚町店,神奈川県横浜市戸塚区戸塚町４８１３－１
s002786,マツモトキヨシ,マツモトキヨシ,せんどう国分寺店,千葉県市原市国分寺台中央６－１０－６
s000340,イトーヨーカドー,イトーヨーカ堂,府中店,東京都府中市本町１－１３－３
s009823,トモズ,トモズ,江田店,神奈川県横浜市青葉区荏田北３－１－１東急ストア荏田店内
s003387,マツモトキヨシ,マツモトキヨシ,千葉作草部店,千葉県千葉市稲毛区作草部２－１－１６
s009897,トモズ,トモズ,アトレ浦和店,埼玉県さいたま市浦和区高砂１－１６－１２アトレ浦和１Ｆ
s006195,マツモトキヨシ,マツモトキヨシ,仙川店,東京都調布市仙川町３－１－３第５丸正ビル１Ｆ
s006434,マツモトキヨシ,マツモトキヨシ,ホームセンター練馬春日町店,東京都練馬区春日町６－６－４３
s001609,マツモトキヨシ,マツモトキヨシ,方南町店,東京都杉並区和泉４－５１－１０
s005061,マツモトキヨシ,マツモトキヨシ,かごはら南店,埼玉県熊谷市新堀新田６７３
s000959,マツモトキヨシ,マツモトキヨシ,戸田公園駅ビル店,埼玉県戸田市本町４－１５－１戸田公園駅ビル２Ｆ
s003201,マツモトキヨシ,マツモトキヨシ,武蔵村山店,東京都武蔵村山市学園１－５３－１
s008206,マツモトキヨシ,マツモトキヨシ,越谷レイクタウン駅店,埼玉県越谷市東町４－２８－３
s002728,マツモトキヨシ,マツモトキヨシ,ワンズモール長沼店,千葉県千葉市稲毛区長沼町３３０－５０
s011003,マツモトキヨシ,マツモトキヨシ,ｍａｔｓｕｋｉｙｏＬＡＢ蒲田駅東口店,東京都大田区蒲田５－１５－８
s009848,マツモトキヨシ,マツモトキヨシ,下総中山駅前店,千葉県船橋市本中山２－１６－１
s004922,マツモトキヨシ,マツモトキヨシ,吉祥寺大正通り店,東京都武蔵野市吉祥寺本町２－４－１
s002282,マツモトキヨシ,マツモトキヨシ,渋谷ＰＡＲＴ２店,東京都渋谷区宇田川町２３－４
s005890,トモズ,トモズ,グリーンマークシティ松戸新田店,千葉県松戸市松戸新田２４５－２６
s007650,マツモトキヨシ,マツモトキヨシ,ビーンズ武蔵浦和店,埼玉県さいたま市南区別所７－１２－１
s001670,マツモトキヨシ,マツモトキヨシ,久喜青葉店,埼玉県久喜市青葉４－２－２
s010258,マツモトキヨシ,マツモトキヨシ,小岩北口通り店,東京都江戸川区西小岩１－２１－２０－１Ｆ
s006659,マツモトキヨシ,マツモトキヨシ,蕨西口店,埼玉県蕨市中央３－２－５
s005074,マツモトキヨシ,マツモトキヨシ,ｃｏｓ－ｍｅｄｉ　ｓｒａｔｉｏｎ西新宿メトロピア店,東京都新宿区西新宿６－７－５１丸の内線西新宿駅構内
s004692,マツモトキヨシ,マツモトキヨシ,池袋ショッピングパーク店,東京都豊島区南池袋１－２９－１
s002378,トモズ,トモズ,麻布十番店,東京都港区麻布十番３－７－１１
s009031,マツモトキヨシ,マツモトキヨシ,ニトリ川越店,埼玉県川越市豊田町３－１３－２
s008174,トモズ,トモズ,コレド日本橋店,東京都中央区日本橋１－４－１日本橋１丁目ビル１Ｆ
s010824,マツモトキヨシ,マツモトキヨシ,新宿通り店,東京都新宿区新宿３－２９－１２
s010045,マツモトキヨシ,マツモトキヨシ,アクロスプラザ流山店,千葉県流山市向小金１－２４１－１アクロスプラザ流山内
s008411,トモズ,トモズ,京王リトナード永福町店,東京都杉並区永福２－６０－３１京王リトナード永福町２Ｆ
s001662,マツモトキヨシ,マツモトキヨシ,船橋駅前通り店,千葉県船橋市本町４－４２－１９
s001067,マツモトキヨシ,マツモトキヨシ,市川大野店,千葉県市川市南大野３－２４－３
s007902,マツモトキヨシ,マツモトキヨシ,大宮駅前通り店,埼玉県さいたま市大宮区大門町１－２０
s002598,マツモトキヨシ,マツモトキヨシ,所沢Ｐａｒｔ２店,埼玉県所沢市日吉町９－２４
s001617,マツモトキヨシ,マツモトキヨシ,六本木店,東京都港区六本木６－１－２６
s010508,マツモトキヨシ,マツモトキヨシ,原宿駅表参道口店,東京都渋谷区神宮前１－１４－２５
s010579,マツモトキヨシ,マツモトキヨシ,新大塚駅前店,東京都豊島区東池袋５－５２－１０
s003438,マツモトキヨシ,マツモトキヨシ,所沢緑町店,埼玉県所沢市緑町３－１５－１
s006105,マツモトキヨシ,マツモトキヨシ,赤坂Ｂｉｚタワー店,東京都港区赤坂５－３－１赤坂ＢｉｚタワーＢ１０－２
s008117,マツモトキヨシ,マツモトキヨシ,さいたま島町店,埼玉県さいたま市見沼区島町１－８－１
s005945,マツモトキヨシ,マツモトキヨシ,アメリア稲城店,東京都稲城市矢野口２２８４－１
s006253,マツモトキヨシ,マツモトキヨシ,八王子ＮＯＷ店,東京都八王子市旭町１－１
s001467,マツモトキヨシ,マツモトキヨシ,二ツ木店,千葉県松戸市八ケ崎８－３４－３
s007886,トモズ,トモズ,青葉台店,神奈川県横浜市青葉区青葉台１－６－１４エキニア青葉台内
s003756,マツモトキヨシ,マツモトキヨシ,本八幡駅前店,千葉県市川市南八幡４－１－１０
s002758,マツモトキヨシ,マツモトキヨシ,平和島店,東京都大田区大森北６－２８－１１
s000961,マツモトキヨシ,マツモトキヨシ,町田店,東京都町田市原町田６－９－１８
s008075,マツモトキヨシ,マツモトキヨシ,Ｈ＆ＢＰｌａｃｅＣｏｌｅｔｔｅＭａｒｅみなとみらい店,神奈川県横浜市中区桜木町１－１－７
s005331,マツモトキヨシ,マツモトキヨシ,板橋前野町店,東京都板橋区前野町１－２９－１０
s002142,トモズ,トモズ,ゲートシティ大崎店,東京都品川区大崎１－１１－１ゲートシティ大崎ウェストタワー１Ｆ
s003532,マツモトキヨシ,マツモトキヨシ,千葉ニュータウン中央店,千葉県白井市桜台１－１－５
s010181,マツモトキヨシ,マツモトキヨシ,三河島駅前店,東京都荒川区東日暮里３－４０－１３
s001811,マツモトキヨシ,マツモトキヨシ,二十世紀が丘店,千葉県松戸市二十世紀が丘丸山町３８－４
s004609,マツモトキヨシ,マツモトキヨシ,ビアレ横浜店,神奈川県横浜市金沢区並木２－１３－２
s006614,マツモトキヨシ,マツモトキヨシ,ｐｅｔｉｔｍａｄｏｃａ手賀沼公園店,千葉県我孫子市緑１－１１－４
s001840,マツモトキヨシ,マツモトキヨシ,ＰＡＴ流山店,千葉県流山市向小金１－２４１－１
s004513,マツモトキヨシ,マツモトキヨシ,馬橋店,千葉県松戸市西馬橋蔵元町２５
s008819,マツモトキヨシ,マツモトキヨシ,ダイバーシティ東京プラザ店,東京都江東区青海１－１－１０ダイバーシティ東京プラザ２Ｆ
s009430,トモズ,トモズ,ココネリ店,東京都練馬区練馬１－１７－１Ｃｏｃｏｎｅｒｉ２Ｆ
s007497,マツモトキヨシ,マツモトキヨシ,北習志野駅前店,千葉県船橋市習志野台２－１－６
s004588,マツモトキヨシ,マツモトキヨシ,ハイパーモールメルクス新習志野店,千葉県習志野市茜浜２－２－１ハイパーモールメルクス内
s010707,トモズ,トモズ,和光店,埼玉県和光市本町３－２３
s002645,マツモトキヨシ,マツモトキヨシ,上尾井戸木店,埼玉県上尾市井戸木１－５
s010539,トモズ,トモズ,東武練馬店,東京都練馬区北町３－３９－３
s005045,マツモトキヨシ,マツモトキヨシ,セレオ国分寺店,東京都国分寺市南町３－２０－３
s004915,マツモトキヨシ,マツモトキヨシ,コーナン市川原木店,千葉県市川市原木２５２６－６
s000182,イトーヨーカドー,イトーヨーカ堂,高砂店,東京都葛飾区高砂３－１２－５
s010988,マツモトキヨシ,マツモトキヨシ,日吉東急アベニュー店,神奈川県横浜市港北区日吉２－１－１日吉東急アベニューＢ１Ｆ
s006218,トモズ,トモズ,石神井公園店,東京都練馬区石神井町２－１３－１３
s009337,マツモトキヨシ,マツモトキヨシ,ららぽーとＴＯＫＹＯ－ＢＡＹ店,千葉県船橋市浜町２－１－１ららぽーとＴＯＫＹＯ－ＢＡＹ西館１Ｆ
s002003,マツモトキヨシ,マツモトキヨシ,本厚木駅前店,神奈川県厚木市中町２－１－１５
s003461,マツモトキヨシ,マツモトキヨシ,松戸西口店,千葉県松戸市本町４－９
s006768,マツモトキヨシ,マツモトキヨシ,佐倉井野店,千葉県佐倉市井野字北側１４９０－３
s000984,マツモトキヨシ,マツモトキヨシ,大宮店,埼玉県さいたま市大宮区大門町１－９２－３
s009700,マツモトキヨシ,マツモトキヨシ,ららぽーと富士見店,埼玉県富士見市山室１－１３１３ららぽーと富士見１Ｆ
s005676,マツモトキヨシ,マツモトキヨシ,保土ヶ谷駅東口店,神奈川県横浜市保土ケ谷区岩井町４－７５
s008264,マツモトキヨシ,マツモトキヨシ,木更津店,千葉県木更津市木更津３－２－１６
s006352,マツモトキヨシ,マツモトキヨシ,アトレ松戸店,千葉県松戸市松戸１－１１８１
s001234,マツモトキヨシ,マツモトキヨシ,せんげん台東店,埼玉県越谷市平方南町１９－１
s009622,トモズ,トモズ,お花茶屋店,東京都葛飾区宝町２－３４－１６
s008463,マツモトキヨシ,マツモトキヨシ,西葛西駅前店,東京都江戸川区西葛西６－１６－１
s010360,トモズ,トモズ,小田急マルシェ本厚木店,神奈川県厚木市中町１－１－１
s005549,トモズ,トモズ,小岩ポポ店,東京都江戸川区南小岩７－２４－１５小岩ポポＢ１Ｆ
s001101,マツモトキヨシ,マツモトキヨシ,川越クレアモール店,埼玉県川越市新富町２－５－１７ＳＳビル内
s003092,マツモトキヨシ,マツモトキヨシ,八王子城山手店,東京都八王子市城山手１－３２－７
s001988,マツモトキヨシ,マツモトキヨシ,溝の口店,神奈川県川崎市高津区溝口１－１３－１８
s002078,マツモトキヨシ,マツモトキヨシ,伊勢原店,神奈川県伊勢原市板戸１５９－１
s005935,マツモトキヨシ,マツモトキヨシ,エルミこうのすショッピングモール店,埼玉県鴻巣市本町１－１－２
s010052,マツモトキヨシ,マツモトキヨシ,中井駅前店,東京都新宿区上落合２－１７－１３
s006515,マツモトキヨシ,マツモトキヨシ,新大久保駅前店,東京都新宿区百人町２－４－２
s002467,マツモトキヨシ,マツモトキヨシ,西船橋店,千葉県船橋市西船４－１７－１０
s002085,トモズ,トモズ,東大和店,東京都東大和市清原４－１０－１９
s008476,マツモトキヨシ,マツモトキヨシ,アメリア町田根岸店,東京都町田市根岸町２３０－７
s010232,マツモトキヨシ,マツモトキヨシ,Ｅｃｈｉｋａ池袋店,東京都豊島区西池袋３－２８－１４Ｅｃｈｉｋａ池袋Ｂ１Ｆ
s004343,マツモトキヨシ,マツモトキヨシ,草加稲荷町店,埼玉県草加市稲荷３－２９－１５
s010643,トモズ,トモズ,クイーンズ伊勢丹笹塚店,東京都渋谷区笹塚１－４８－１４クイーンズ伊勢丹笹塚店Ｂ１Ｆ
s003607,マツモトキヨシ,マツモトキヨシ,馬込沢店,千葉県船橋市藤原７－１７－２８
s005538,トモズ,トモズ,白金高輪店,東京都港区高輪１－３－１
s002232,マツモトキヨシ,マツモトキヨシ,銀座５ｔｈ店,東京都中央区銀座５－５－１
s010846,マツモトキヨシ,マツモトキヨシ,東陽町駅前店,東京都江東区東陽４－６－１
s005780,マツモトキヨシ,マツモトキヨシ,熊谷広瀬店,埼玉県熊谷市広瀬１３２
s007751,マツモトキヨシ,マツモトキヨシ,京急久里浜店,神奈川県横須賀市久里浜４－４－１０
s001560,マツモトキヨシ,マツモトキヨシ,岩槻城北店,埼玉県さいたま市岩槻区大字本宿字西４２５－１
s004841,マツモトキヨシ,マツモトキヨシ,毛呂山店,埼玉県入間郡毛呂山町毛呂本郷２９３－１
s004355,マツモトキヨシ,マツモトキヨシ,五香店,千葉県松戸市五香７－６６－１
s010934,マツモトキヨシ,マツモトキヨシ,新宿店,東京都新宿区新宿３－２３－１４
s008107,マツモトキヨシ,マツモトキヨシ,白山５丁目店,東京都文京区白山５－３３－１１
s005745,マツモトキヨシ,マツモトキヨシ,町田多摩境店,東京都町田市小山ケ丘６－１－１０
s001512,マツモトキヨシ,マツモトキヨシ,柏旭町店,千葉県柏市旭町４－６－２
s002986,マツモトキヨシ,マツモトキヨシ,南柏東口店,千葉県柏市今谷上町７１
s009145,マツモトキヨシ,マツモトキヨシ,恵比寿駅東口店,東京都渋谷区恵比寿１－１０－１０
s009237,トモズ,トモズ,大宮店,埼玉県さいたま市大宮区桜木町１－１－１０
s003690,マツモトキヨシ,マツモトキヨシ,シャポー本八幡店,千葉県市川市八幡２－１７－１
s000524,イトーヨーカドー,イトーヨーカ堂,綱島店,神奈川県横浜市港北区綱島西２－８－１
s010236,マツモトキヨシ,マツモトキヨシ,上野毛店,東京都世田谷区上野毛１－１９－１
s006644,マツモトキヨシ,マツモトキヨシ,京王橋本駅ビル店,神奈川県相模原市緑区橋本２－３－２
s009517,トモズ,トモズ,グランゲート新橋店,東京都港区新橋２－１７－１４ＪＲ新橋駅Ｂ１Ｆ
s000975,トモズ,トモズ,元住吉店,神奈川県川崎市中原区木月１－２９－２５
s005994,マツモトキヨシ,マツモトキヨシ,梅郷駅前店,千葉県野田市山崎１８８１
s008275,マツモトキヨシ,マツモトキヨシ,厚木下荻野店,神奈川県厚木市下荻野１０６５
s000693,マツモトキヨシ,マツモトキヨシ,仲宿店,東京都板橋区仲宿４１－８
s004923,マツモトキヨシ,マツモトキヨシ,北本深井店,埼玉県北本市深井６－８７
s000733,マツモトキヨシ,マツモトキヨシ,上大岡店,神奈川県横浜市港南区上大岡西１－６－１
s001528,トモズ,トモズ,武蔵境店,東京都武蔵野市境２－１４－１
s001613,マツモトキヨシ,マツモトキヨシ,川口戸塚店,埼玉県川口市戸塚２－２８－２１
s010141,マツモトキヨシ,マツモトキヨシ,深沢不動前店,東京都世田谷区深沢４－１８－１３
s006609,マツモトキヨシ,マツモトキヨシ,東松山六反町店,埼玉県東松山市六反町１－１
s010891,マツモトキヨシ,マツモトキヨシ,鶴見駅西口店,神奈川県横浜市鶴見区豊岡町２－２－１Ｆ
s006583,マツモトキヨシ,マツモトキヨシ,椎名町店,東京都豊島区長崎２－１３－２
s006472,マツモトキヨシ,マツモトキヨシ,旭宮前店,千葉県旭市ニ字宮前１６１４－１
s006523,マツモトキヨシ,マツモトキヨシ,千葉若松町店,千葉県千葉市若葉区若松町２１５７－６
s003527,トモズ,トモズ,汐留シティセンター店,東京都港区東新橋１－５－２　汐留シティーセンターＢ２Ｆ
s005695,マツモトキヨシ,マツモトキヨシ,亀戸駅前店,東京都江東区亀戸２－２０－７
s006145,マツモトキヨシ,マツモトキヨシ,セレオ相模原店,神奈川県相模原市中央区相模原１－１－３
s002022,トモズ,トモズ,横須賀プライム店,神奈川県横須賀市若松町１－５－１横須賀プライム２Ｆ
s009950,マツモトキヨシ,マツモトキヨシ,御茶ノ水駿河台店,東京都千代田区神田駿河台２－１
s009969,マツモトキヨシ,マツモトキヨシ,成田東口駅前店,千葉県成田市花崎町８２８－１１スカイタウン成田１Ｆ
s007872,マツモトキヨシ,マツモトキヨシ,多摩貝取店,東京都多摩市貝取３－８
s001216,マツモトキヨシ,マツモトキヨシ,川口樹モール店,埼玉県川口市栄町３－８－１１
s006408,マツモトキヨシ,マツモトキヨシ,新松戸駅前店,千葉県松戸市新松戸１－４８３
s001718,トモズ,トモズ,清瀬店,東京都清瀬市元町１－３－１０
s009587,マツモトキヨシ,マツモトキヨシ,フォルテ森永橋店,神奈川県横浜市鶴見区元宮２－７９６－１
s010757,マツモトキヨシ,マツモトキヨシ,横浜ジョイナスＰａｒｔ１店,神奈川県横浜市西区南幸１－４ジョイナスザ・ダイヤモンドＢ１Ｆ
s005126,マツモトキヨシ,マツモトキヨシ,保谷北口駅前店,東京都西東京市下保谷４－１３－２４
s008084,マツモトキヨシ,マツモトキヨシ,シティ能見台店,神奈川県横浜市金沢区能見台４－３－１４
s007728,トモズ,トモズ,大手町カンファレンスセンター店,東京都千代田区大手町１－３－２
s004857,マツモトキヨシ,マツモトキヨシ,フィールズ南柏店,千葉県柏市南柏中央６－７フィールズ南柏ＭＡＬＬ１内
s009683,マツモトキヨシ,マツモトキヨシ,モラージュ菖蒲店,埼玉県久喜市菖蒲町菖蒲６００５－１モラージュ菖蒲内
s005164,マツモトキヨシ,マツモトキヨシ,川口前川店,埼玉県川口市前川町４－１５３－１
s008063,マツモトキヨシ,マツモトキヨシ,六高台店,千葉県松戸市六高台８－１１
s007897,マツモトキヨシ,マツモトキヨシ,葛飾水元店,東京都葛飾区水元１－２２－２４
s005537,トモズ,トモズ,白金プラザ店,東京都港区白金１－１７－２白金プラザＢ１
s001341,マツモトキヨシ,マツモトキヨシ,渋谷ＰＡＲＴ１店,東京都渋谷区宇田川町２２－３
s006254,マツモトキヨシ,マツモトキヨシ,蘇我南店,千葉県千葉市中央区蘇我町２－２１－１０
s001595,トモズ,トモズ,新高円寺店,東京都杉並区梅里１－６－１
s003329,トモズ,トモズ,十条店,東京都北区上十条２－３０－１
s004955,マツモトキヨシ,マツモトキヨシ,馬堀海岸店,神奈川県横須賀市馬堀町３－１－１５
s005858,トモズ,トモズ,大崎ＴｈｉｎｋＰａｒｋ店,東京都品川区大崎２－１－１ＴｈｉｎｋＰａｒｋ２Ｆ
s010662,マツモトキヨシ,マツモトキヨシ,柏駅西口店,千葉県柏市末広町４－１
s003477,トモズ,トモズ,鶴川店,東京都町田市能ケ谷町５００１－１
s001745,マツモトキヨシ,マツモトキヨシ,下高井戸店,東京都世田谷区赤堤４－４８－３
s008513,マツモトキヨシ,マツモトキヨシ,エミオ狭山市店,埼玉県狭山市祇園４－５５
s010683,マツモトキヨシ,マツモトキヨシ,セレオ西八王子店,東京都八王子市千人町２－２１－１セレオ西八王子内
s000211,イトーヨーカドー,イトーヨーカ堂,市原店,千葉県市原市五井字上新道
s000997,マツモトキヨシ,マツモトキヨシ,大山店,東京都板橋区大山町３０－１７　ハヤシビル
s009960,マツモトキヨシ,マツモトキヨシ,マーケットスクエア川崎イースト店,神奈川県川崎市川崎区富士見１－５－５マーケットスクエア川崎イースト内
s001498,マツモトキヨシ,マツモトキヨシ,東寺山店,千葉県千葉市若葉区東寺山５７２－１４
s004495,マツモトキヨシ,マツモトキヨシ,綾瀬タウンヒルズ店,神奈川県綾瀬市深谷３７３４－１
s004796,マツモトキヨシ,マツモトキヨシ,ラプラ中央林間店,神奈川県大和市下鶴間１５９８－１
s001425,マツモトキヨシ,マツモトキヨシ,早稲田団地店,埼玉県三郷市早稲田６－１－１
s002688,マツモトキヨシ,マツモトキヨシ,相模原陽光台店,神奈川県相模原市中央区陽光台３－１８－１７
s010313,マツモトキヨシ,マツモトキヨシ,ウニクス浦和美園店,埼玉県さいたま市岩槻区美園東２－１７－１３ウニクス浦和美園内
s008687,トモズ,トモズ,京王リトナードつつじケ丘店,東京都調布市西つつじケ丘３－３５－１京王リトナードつつじケ丘内
s009774,マツモトキヨシ,マツモトキヨシ,所沢プロペ通り店,埼玉県所沢市日吉町４－３
s005723,トモズ,トモズ,自由が丘南口店,東京都目黒区自由が丘１－８－２３プチプラザ自由が丘１Ｆ
s008414,マツモトキヨシ,マツモトキヨシ,ららぽーと横浜大丸店,神奈川県横浜市都筑区池辺町４０３５－１大丸店内
s007924,マツモトキヨシ,マツモトキヨシ,妙典駅前店,千葉県市川市妙典４－４－２７
s010910,トモズ,トモズ,パークシティ武蔵小山ザモール店,東京都品川区小山３－１５－１パークシティ武蔵小山ザモール２Ｆ
s005428,マツモトキヨシ,マツモトキヨシ,上里七本木店,埼玉県児玉郡上里町七本木２５６０－４
s000333,イトーヨーカドー,イトーヨーカ堂,坂戸店,埼玉県坂戸市日の出町５－３０
s010792,マツモトキヨシ,マツモトキヨシ,聖蹟桜ヶ丘店,東京都多摩市関戸１－１１－１せいせきＡ館２Ｆ
s009821,マツモトキヨシ,マツモトキヨシ,アトレ川越店,埼玉県川越市脇田町１０５アトレマルヒロ内
s008246,トモズ,トモズ,狛江店,東京都狛江市元和泉１－４－４フォンタ―ナ狛江１Ｆ
s009599,マツモトキヨシ,マツモトキヨシ,小田原駅東口店,神奈川県小田原市栄町１－２－１
s006560,マツモトキヨシ,マツモトキヨシ,永福町店,東京都杉並区和泉３－５－５フレサ永福町ビル１Ｆ
s008807,トモズ,トモズ,ラスカ平塚店,神奈川県平塚市宝町１－１ラスカ平塚店１Ｆ
s008492,マツモトキヨシ,マツモトキヨシ,大崎ニューシティ店,東京都品川区大崎１－６－５大崎ニューシティ五号館１Ｆ
s001842,トモズ,トモズ,浦和西堀店,埼玉県さいたま市桜区西堀６－２－１
s002224,マツモトキヨシ,マツモトキヨシ,川間南口店,千葉県野田市岩名１－２６－５
s004985,マツモトキヨシ,マツモトキヨシ,八王子万町店,東京都八王子市万町１２４－１
s008633,マツモトキヨシ,マツモトキヨシ,千葉みなと駅店,千葉県千葉市中央区中央港１－１－１
s008726,マツモトキヨシ,マツモトキヨシ,エポカ高根台店,千葉県船橋市高根台１－２－１
s001713,マツモトキヨシ,マツモトキヨシ,吉祥寺サンロード店,東京都武蔵野市吉祥寺本町１－１４－２
s002306,マツモトキヨシ,マツモトキヨシ,本庄店,埼玉県本庄市南１－２－４
s000890,マツモトキヨシ,マツモトキヨシ,錦糸町駅ビル店,東京都墨田区江東橋３－１４－５錦糸町駅ビルテルミナＢ１Ｆ
s009484,マツモトキヨシ,マツモトキヨシ,三鷹台駅前店,東京都三鷹市井の頭２－１－１７
s010091,トモズ,トモズ,クイーンズ伊勢丹仙川店,東京都調布市仙川町１－４５－５クイーンズ伊勢丹２Ｆ
s010255,マツモトキヨシ,マツモトキヨシ,ウイング高輪店,東京都港区高輪４－１０－１８
s001446,イトーヨーカドー,イトーヨーカ堂,亀有駅前店,東京都葛飾区亀有３－２６－１
s008195,マツモトキヨシ,マツモトキヨシ,あざみ野店,神奈川県横浜市青葉区あざみ野２－２－９あざみ野第三ビル２Ｆ
s004515,マツモトキヨシ,マツモトキヨシ,南池袋店,東京都豊島区南池袋１－１７－１３
s000868,イトーヨーカドー,イトーヨーカ堂,我孫子南口店,千葉県我孫子市本町３－２－２８
s004828,トモズ,トモズ,稲田堤店,神奈川県川崎市多摩区菅２－１－１３
s005457,トモズ,トモズ,たまプラーザテラス店,神奈川県横浜市青葉区新石川２－２－１たまプラーザテラス内
s010818,マツモトキヨシ,マツモトキヨシ,ＭＩＮＡＮＯ分倍河原店,東京都府中市片町３－２２－２６ＭＩＮＡＮＯ内
s009822,マツモトキヨシ,マツモトキヨシ,桶川下日出谷店,埼玉県桶川市下日出谷１２５－２
s008059,マツモトキヨシ,マツモトキヨシ,ピオニウォ－ク東松山店,埼玉県東松山市東松山都市第二特定土地区画整理２５－１
s003189,トモズ,トモズ,浜松町店,東京都港区浜松町１－２９－６
s002539,トモズ,トモズ,花小金井店,東京都小平市花小金井４－３２－９
s009937,マツモトキヨシ,マツモトキヨシ,久我山駅前店,東京都杉並区久我山２－１６－２７
s004508,マツモトキヨシ,マツモトキヨシ,白河３丁目店,東京都江東区白河３－４－３－１０４
s002419,マツモトキヨシ,マツモトキヨシ,船橋芝山店,千葉県船橋市芝山３－６－１
s002396,マツモトキヨシ,マツモトキヨシ,武蔵小山パート２店,東京都品川区荏原３－６－２
s009940,マツモトキヨシ,マツモトキヨシ,尻手駅前店,神奈川県川崎市幸区南幸町３－１１４－１サミット内
s004237,マツモトキヨシ,マツモトキヨシ,鹿島田駅ビル店,神奈川県川崎市幸区鹿島田１－１７－８
s008042,マツモトキヨシ,マツモトキヨシ,佃２丁目店,東京都中央区佃２－１－６
s008747,マツモトキヨシ,マツモトキヨシ,あびこショッピングプラザ店,千葉県我孫子市我孫子４－１１－１あびこショッピングプラザ内
s009843,トモズ,トモズ,ららぽーと海老名店,神奈川県海老名市扇町１３－１ららぽーと海老名１Ｆ
s010519,トモズ,トモズ,モリシア津田沼店,千葉県習志野市谷津１－１６－１モリシア津田沼２Ｆ
s007763,トモズ,トモズ,西新宿５丁目店,東京都新宿区西新宿５－３７５－７
s003587,マツモトキヨシ,マツモトキヨシ,八幡宿駅店,千葉県市原市八幡９３０
s002397,マツモトキヨシ,マツモトキヨシ,中野ＰＡＲＴ２店,東京都中野区中野５－６１－６
s002190,マツモトキヨシ,マツモトキヨシ,作新台店,千葉県千葉市花見川区作新台６－１２－２４
s009387,マツモトキヨシ,マツモトキヨシ,三郷中央駅前店,埼玉県三郷市谷中２６３－１
s003769,マツモトキヨシ,マツモトキヨシ,武蔵溝の口北口駅前店,神奈川県川崎市高津区溝口１－１－６
s010449,トモズ,トモズ,津田沼パルコ店,千葉県船橋市前原西２－１８－１津田沼パルコＢ館Ｂ１Ｆ
s002128,マツモトキヨシ,マツモトキヨシ,原宿竹下通り店,東京都渋谷区神宮前１－１６－７
s004286,マツモトキヨシ,マツモトキヨシ,せんどう東金店,千葉県東金市家徳２８０－１
s006730,マツモトキヨシ,マツモトキヨシ,小金原４丁目店,千葉県松戸市小金原４－３６－７
s009323,マツモトキヨシ,マツモトキヨシ,川口東口店,埼玉県川口市栄町３－９－１１リーヴァビル１Ｆ
s001624,マツモトキヨシ,マツモトキヨシ,コピオ愛川店,神奈川県愛甲郡愛川町角田字小沢下原５８０
s004705,マツモトキヨシ,マツモトキヨシ,秩父影森店,埼玉県秩父市下影森７３８－８
s007989,マツモトキヨシ,マツモトキヨシ,ｐｅｔｉｔｍａｄｏｃａ西東京泉町店,東京都西東京市泉町４－３－４
s001246,マツモトキヨシ,マツモトキヨシ,ｐｅｔｉｔｍａｄｏｃａ小手指店,埼玉県所沢市小手指１－２６－６
s010337,マツモトキヨシ,マツモトキヨシ,ハレノテラス東大宮店,埼玉県さいたま市見沼区島町３９３ハレノテラス内
s006594,マツモトキヨシ,マツモトキヨシ,あすみが丘ＳＣ店,千葉県千葉市緑区あすみが丘７－１
s003528,トモズ,トモズ,六本木ヒルズ店,東京都港区六本木６－１０－３六本木ヒルズウェストウォーク１Ｆ
s010573,マツモトキヨシ,マツモトキヨシ,アピタテラス横浜綱島店,神奈川県横浜市港北区綱島東４－３－１７アピタテラス１Ｆ
s008003,マツモトキヨシ,マツモトキヨシ,浦和上木崎店,埼玉県さいたま市浦和区上木崎２－１４－２３
s004947,マツモトキヨシ,マツモトキヨシ,竹の塚６丁目店,東京都足立区竹の塚６－３－１３
s010083,マツモトキヨシ,マツモトキヨシ,ｎｏｎｏｗａ国立店,東京都国立市北１－１４－１ｎｏｎｏｗａ国立内
s004304,マツモトキヨシ,マツモトキヨシ,入間野田店,埼玉県入間市野田８９４－１
s006513,マツモトキヨシ,マツモトキヨシ,南林間店,神奈川県大和市南林間１－７－１１
s008710,マツモトキヨシ,マツモトキヨシ,伊勢佐木１丁目店,神奈川県横浜市中区伊勢佐木町１－６－５
s007529,トモズ,トモズ,長原店,東京都大田区上池台１－１３－６
s002785,マツモトキヨシ,マツモトキヨシ,西友赤山店,埼玉県川口市赤山１４２９
s007365,マツモトキヨシ,マツモトキヨシ,めじろ台店,東京都八王子市椚田町５３０－５
s002447,マツモトキヨシ,マツモトキヨシ,浦和高砂店,埼玉県さいたま市浦和区高砂２－９－１
s004238,マツモトキヨシ,マツモトキヨシ,館山マーケットプレイス店,千葉県館山市湊１８８－１
s010808,トモズ,トモズ,キテミテマツド店,千葉県松戸市松戸１３０７－１ＫｉｔｅＭｉｔｅＭａｔｓｕｄｏ内
s003520,マツモトキヨシ,マツモトキヨシ,坂戸入西店,埼玉県坂戸市にっさい花みず木３－１１－８
s002080,トモズ,トモズ,品川インタ－シティ店,東京都港区港南２－１５－２品川インターシティ２Ｆ
s003185,トモズ,トモズ,品川プリンス店,東京都港区高輪４－１０－３０品川プリンスホテルアネックスタワー１Ｆ
s003416,マツモトキヨシ,マツモトキヨシ,カレッタ汐留店,東京都港区東新橋１－８－２カレッタ潮留Ｂ１４３
s005540,トモズ,トモズ,東高円寺店,東京都杉並区高円寺南１－７－４
s007053,マツモトキヨシ,マツモトキヨシ,ＥＱＵｉＡ川越店,埼玉県川越市脇田町２４－９エキア川越内
s001583,マツモトキヨシ,マツモトキヨシ,花見川店,千葉県千葉市花見川区柏井町１－４－１８
s002179,トモズ,トモズ,東小金井店,東京都小金井市梶野町５－２－２７
s004269,マツモトキヨシ,マツモトキヨシ,池袋西口駅前店,東京都豊島区西池袋１－２７－２
s003720,マツモトキヨシ,マツモトキヨシ,追浜駅前店,神奈川県横須賀市追浜町１－２８－５
s005799,トモズ,トモズ,天王洲アイル店,東京都品川区東品川２－３－１０天王州シーフォートスクエア１Ｆ
s006382,マツモトキヨシ,マツモトキヨシ,与野本町店,埼玉県さいたま市中央区本町東２－３－１１
s006562,マツモトキヨシ,マツモトキヨシ,東大宮東口店,埼玉県さいたま市見沼区東大宮５－３９－８
s002838,マツモトキヨシ,マツモトキヨシ,浦和大谷口店,埼玉県さいたま市南区大谷口１２７４－２
s006618,マツモトキヨシ,マツモトキヨシ,越谷店,埼玉県越谷市弥生町２－８
s007470,マツモトキヨシ,マツモトキヨシ,蕨店,埼玉県蕨市塚越１－６－１
s001599,マツモトキヨシ,マツモトキヨシ,君津箕輪店,千葉県君津市外箕輪３－１４－６
s001575,マツモトキヨシ,マツモトキヨシ,法典駅前店,千葉県船橋市藤原１－２７－３
s002383,マツモトキヨシ,マツモトキヨシ,能見台店,神奈川県横浜市金沢区能見台東１－１　ビーコンヒル能見台
s004654,マツモトキヨシ,マツモトキヨシ,亀戸店,東京都江東区亀戸２－１－１２コモディイイダ内
s004342,マツモトキヨシ,マツモトキヨシ,新ひばりが丘店,東京都西東京市谷戸町２－１－８０
s007371,トモズ,トモズ,南砂町ＳＵＮＡＭＯ店,東京都江東区新砂３－４－３１南砂町ＳＵＮＡＭＯ内
s001794,トモズ,トモズ,サンストリート亀戸店,東京都江東区亀戸６－３１－１サンストリート亀戸内
s000829,マツモトキヨシ,マツモトキヨシ,八王子店,東京都八王子市三崎町４－１２
s002227,トモズ,トモズ,西葛西店,東京都江戸川区西葛西６－９－１２
s002950,マツモトキヨシ,マツモトキヨシ,北久里浜店,神奈川県横須賀市根岸町３－２－１
s007405,トモズ,トモズ,学芸大学店,東京都目黒区鷹番３－７－９リューワビル１Ｆ
s003300,マツモトキヨシ,マツモトキヨシ,秦野駅前北口店,神奈川県秦野市大秦町１－１０
s008010,マツモトキヨシ,マツモトキヨシ,新浦安美浜店,千葉県浦安市美浜１－７－１
s005276,トモズ,トモズ,ラゾーナ川崎店,神奈川県川崎市幸区堀川町７２－１ラゾーナ川崎プラザ１Ｆ
s001659,トモズ,トモズ,武蔵新城店,神奈川県川崎市中原区新城１－１４－１
s004847,マツモトキヨシ,マツモトキヨシ,中野サンモール店,東京都中野区中野５－６７－１０
s008315,マツモトキヨシ,マツモトキヨシ,新川崎店,神奈川県川崎市幸区　新川崎５－２シンカモール内
s010746,マツモトキヨシ,マツモトキヨシ,上野アメ横Ｂｅａｕｔｙ館店,東京都台東区上野４－１０－１６
s003525,トモズ,トモズ,上板橋南口店,東京都板橋区上板橋２－２－２０
s007581,トモズ,トモズ,秋葉原店,東京都千代田区神田佐久間町１－２５秋葉原鴻池ビル１Ｆ
s007730,マツモトキヨシ,マツモトキヨシ,菊名駅東口店,神奈川県横浜市港北区菊名４－１－９
s002866,マツモトキヨシ,マツモトキヨシ,原木中山店,千葉県船橋市本中山７－１９－３
s002339,マツモトキヨシ,マツモトキヨシ,岩槻駅前店,埼玉県さいたま市岩槻区本町３－１１－２
s004107,マツモトキヨシ,マツモトキヨシ,鎌ヶ谷店,千葉県鎌ケ谷市鎌ケ谷８－１－５２
s002302,マツモトキヨシ,マツモトキヨシ,大井町店,埼玉県ふじみ野市ふじみ野２－１３－１
s003601,マツモトキヨシ,マツモトキヨシ,千葉仁戸名店,千葉県千葉市中央区仁戸名町５５７
s001855,トモズ,トモズ,三鷹北口店,東京都武蔵野市中町１－６－５
s009907,マツモトキヨシ,マツモトキヨシ,ららぽーと立川立飛店,東京都立川市泉町９３５－１ららぽーと立川立飛１Ｆ
s010845,マツモトキヨシ,マツモトキヨシ,新宿靖国通り店,東京都新宿区新宿３－２０－５－１Ｆ
s010018,マツモトキヨシ,マツモトキヨシ,柏の葉公園店,千葉県柏市十余二５７５－５０
s007308,マツモトキヨシ,マツモトキヨシ,市川南口駅前店,千葉県市川市市川南１－１－１－１０３
s008874,マツモトキヨシ,マツモトキヨシ,東京スカイツリータウンソラマチウエストヤード店,東京都墨田区押上１－１－２東京スカイツリータウン・ソラマチ１Ｆ
s004002,マツモトキヨシ,マツモトキヨシ,マルイ北千住店,東京都足立区千住３－９２
s010581,マツモトキヨシ,マツモトキヨシ,下北沢店,東京都世田谷区北沢２－１３－６
s007838,マツモトキヨシ,マツモトキヨシ,船橋習志野台,千葉県船橋市習志野台６－２５－７
s010057,マツモトキヨシ,マツモトキヨシ,王子店,東京都北区豊島１－１－１－１Ｆ
s008888,トモズ,トモズ,東池袋店,東京都豊島区池袋３－４－３
s004274,マツモトキヨシ,マツモトキヨシ,東鷲宮駅前店,埼玉県久喜市桜田１－２－３
s004709,マツモトキヨシ,マツモトキヨシ,秩父大野原店,埼玉県秩父市大野原字宿西６９５－２
s002695,トモズ,トモズ,伊勢佐木町店,神奈川県横浜市中区伊勢佐木町２－８－７
s005535,トモズ,トモズ,駒沢店,東京都世田谷区駒沢５－２２－３
s007381,マツモトキヨシ,マツモトキヨシ,西瑞江店,東京都江戸川区西瑞江２－３０－３
s002219,マツモトキヨシ,マツモトキヨシ,青梅野上店,東京都青梅市師岡町３－２３－１２
s002604,マツモトキヨシ,マツモトキヨシ,コープ深谷店,埼玉県深谷市栄町３－２３
